record_id,gender,d_marital_c_u,d_region_c_o,d_hosp_c_u,d_job_role_c_u,e_contact_type_c_o,e_do_care_c_o,i_n95_c_o,26 i_mask_c_o,i_hand_hyg_c_o,acces_gants,_eye_protect_c_o,s_can_manage_c_o,s_cont_mge_c_o,s_ipc_skill_c_o,s_received_training,s_can_don_c_o,_can_followc_o,s_can_protect_c_0,s_is_proected,42 s_is_straining_c_o
1,1,1,1,3,3,2,1,0,0,1,0,0,2,2,1,1,1,1,2,1,1
2,1,1,1,3,3,1,0,0,0,0,1,0,1,3,2,1,2,1,2,2,3
3,1,,1,1,1,2,1,0,0,1,0,1,1,1,1,1,1,1,1,1,1
4,1,2,1,3,1,2,1,0,0,1,1,1,1,1,1,1,1,1,1,1,1
5,2,2,1,2,1,1,1,0,0,0,1,1,1,3,1,1,1,1,3,1,1
6,1,2,1,2,1,2,0,0,0,1,1,1,1,1,2,1,2,2,1,1,1
7,1,1,1,3,3,3,0,0,0,1,1,0,3,3,1,1,1,1,1,1,1
8,1,2,1,3,4,1,0,0,0,1,1,1,1,1,2,1,1,1,1,1,1
9,1,1,1,3,4,1,0,0,0,1,1,1,1,1,1,1,1,1,1,1,1
10,1,2,1,3,1,1,0,1,0,0,1,1,1,1,1,1,1,1,1,1,1
11,1,2,1,3,1,2,0,0,0,1,1,1,1,1,1,1,1,1,1,1,1
12,2,1,1,1,2,3,1,0,0,0,1,1,1,1,1,1,1,1,1,1,1
13,2,2,1,3,1,2,1,0,0,0,1,1,1,1,2,1,1,1,1,1,1
14,1,1,1,3,4,1,0,0,0,0,1,1,1,1,2,1,1,1,1,1,2
15,2,1,1,3,4,2,1,0,0,0,1,1,1,1,1,1,1,1,1,1,1
16,2,1,1,3,4,2,0,0,0,0,1,1,1,1,1,1,1,1,1,1,1
17,1,1,1,3,2,2,1,0,0,1,1,1,1,1,1,1,1,1,1,1,1
18,2,1,1,3,4,3,1,0,0,1,1,1,1,3,1,1,1,1,1,1,1
20,1,1,1,3,1,2,1,0,0,0,1,1,1,1,2,1,1,1,2,1,1
21,2,2,1,3,1,2,1,0,0,0,1,1,1,1,1,1,1,1,1,1,1
22,1,1,1,3,1,2,1,0,0,0,1,1,1,1,3,1,1,1,1,1,1
23,1,1,1,3,1,2,1,0,0,0,1,1,1,1,1,1,1,1,1,1,1
24,2,1,1,3,3,3,0,0,0,0,1,0,3,3,1,3,1,1,1,1,3
25,2,1,1,3,,3,0,0,0,1,1,1,2,2,1,1,1,1,1,1,1
26,2,2,1,3,4,1,0,1,0,0,1,1,1,1,1,1,1,1,1,1,1
27,1,1,1,3,1,2,0,0,0,1,1,1,1,1,1,1,1,1,1,1,1
28,2,1,1,3,4,2,1,0,0,0,1,1,1,1,3,1,1,1,1,1,3
29,1,1,1,3,4,1,0,0,0,0,1,1,1,1,1,1,1,1,1,1,1
30,2,2,1,3,4,2,1,1,0,0,1,1,1,1,1,1,1,1,1,1,1
31,2,2,1,3,4,1,0,0,0,0,1,1,1,1,1,1,1,1,1,1,1
32,2,1,1,3,2,2,1,0,0,0,1,1,1,1,1,1,1,1,1,1,2
33,1,1,1,3,4,2,0,0,0,0,1,1,1,1,1,1,1,1,1,1,1
34,2,1,1,3,4,1,0,0,0,1,1,1,1,1,1,1,1,1,1,1,1
35,2,2,1,3,4,2,1,0,0,0,1,1,1,1,1,1,1,1,1,1,1
36,2,2,1,3,2,2,1,0,0,0,1,1,1,1,2,1,1,1,1,1,2
37,2,2,1,3,1,2,0,1,0,0,1,1,1,1,1,1,1,1,1,1,1
38,2,1,1,3,4,1,0,0,0,0,1,1,1,1,1,1,1,1,1,1,1
39,2,2,1,3,4,3,0,0,0,0,1,1,1,1,1,1,1,1,1,1,3
40,1,2,1,1,1,2,1,0,0,0,1,1,1,1,1,1,1,1,1,1,1
41,2,2,1,3,4,1,0,0,0,0,1,1,1,1,1,1,1,1,1,1,1
42,2,2,1,3,4,1,0,0,0,1,1,1,1,1,2,1,1,1,1,1,2
43,2,1,1,3,4,1,0,0,0,0,1,1,2,2,1,1,2,2,2,1,1
44, ,,  , ,, , ,0,0,0, , , , , , , , , , , 
45,2,1,1,8,4,2,0,0,0,0,1,1,1,3,1,1,1,1,1,1,1
46,2,1,1,3,4,2,0,0,0,0,1,1,1,1,1,1,1,1,1,1,1
47,1,1,1,3,1,1,1,0,0,0,1,1,3,3,3,1,1,1,1,1,1
48,2,1,1,3,3,2,1,1,0,0,1,1,1,1,1,1,1,1,1,1,1
49,1,2,1,3,1,2,1,0,0,0,1,1,1,3,2,1,1,1,1,1,1
50,1,2,1,3,1,2,1,0,0,0,1,1,1,1,1,1,1,1,1,1,1
51,1,1,1,5,4,3,0,0,0,1,0,0,3,3,1,1,2,2,1,1,2
52,1,1,1,5,3,3,0,0,0,1,0,0,3,3,2,2,1,1,1,1,1
53,2,2,1,1,4,3,0,0,0,1,1,1,2,1,2,1,1,3,1,1,3
54,2,2,1,5,4,3,0,0,0,1,0,0,3,3,3,3,3,3,3,3,3
55,1,1,1,5,5,3,0,0,0,1,0,0,1,1,1,1,3,3,1,3,3
56, ,,  , ,,, ,0,0,0, , , , , , , , , , , 
57,2,2,1,3,2,,1,0,0,0,1,1,1,1,1,1,1,1,2,2,2
58,2,1,1,3,2,,1,0,0,1,1,1,1,1,1,1,1,1,1,1,2
59,1,1,1,3,2,,1,1,0,0,1,1,1,1,3,1,1,1,1,3,3
60,2,2,1,1,2,,1,0,0,1,1,1,3,1,2,1,1,1,2,1,1
61,1,2,1,3,2,,1,0,0,1,1,1,1,2,2,1,1,1,2,1,1
62,2,2,1,1,2,,1,0,0,0,1,1,1,1,1,1,1,1,1,1,2
63,1,1,1,1,2,,1,0,0,1,1,1,1,1,1,1,1,1,1,1,1
64,1,1,1,3,1,,0,0,0,1,1,0,1,1,3,1,3,3,1,1,3
65,2,1,1,3,3,,0,0,0,1,1,0,3,3,1,3,1,1,1,1,2
66,2,2,1,3,2,,1,0,0,1,1,1,1,1,1,1,1,1,1,1,1
67,1,1,1,1,2,,0,1,0,0,1,0,2,2,1,1,1,1,1,1,2
68,2,1,1,4,3,,0,0,0,1,1,0,2,2,1,1,2,1,2,1,1
68,1,1,1,5,2,,0,0,0,1,0,0,3,3,1,1,3,3,1,1,3
69,2,2,1,3,4,,1,0,0,0,1,1,1,1,1,1,1,1,1,1,1
70,2,2,1,3,1,,1,0,0,0,1,1,1,1,1,1,1,1,1,1,1
71,1,1,1,3,2,,1,1,0,0,1,1,1,1,1,1,1,1,1,1,3
72,2,2,1,3,2,,1,0,0,0,1,1,1,1,1,1,1,1,1,1,3
73,1,1,1,3,2,,1,0,0,1,1,1,1,1,1,1,1,1,1,1,1
74,1,1,1,3,1,,0,0,0,1,0,0,2,3,2,1,1,1,1,1,3
75,1,1,1,3,3,,0,0,0,1,1,0,1,1,2,1,2,1,2,1,1
76,1,1,1,3,3,,0,0,0,0,1,1,1,1,1,1,1,1,1,1,1
77,1,2,1,3,2,,1,0,0,0,1,1,1,1,1,1,1,1,1,1,3
78,1,2,1,3,4,,0,0,0,1,1,1,1,1,1,1,1,1,1,1,2
79,1,2,1,3,4,,0,0,0,1,1,1,1,1,1,1,1,1,1,1,1
80,2,2,1,3,4,,1,0,0,1,1,1,1,1,2,1,1,1,1,1,1
81,2,2,1,3,4,,0,0,0,1,1,1,1,1,1,1,1,1,1,1,1
82,1,2,1,3,1,,0,0,0,1,1,1,2,1,1,1,1,1,1,1,1
83,1,2,1,3,1,,1,0,0,0,1,1,2,2,1,1,2,2,2,1,1
84,2,1,1,2,4,,0,0,0,1,1,1,1,1,1,1,1,2,1,1,1
85,2,2,1,3,4,,0,0,0,0,1,1,1,1,2,1,2,2,1,1,1
86,2,2,1,3,4,,0,0,0,1,1,1,1,1,3,3,1,1,1,1,1
87,1,1,1,3,4,,1,0,0,0,1,1,1,1,1,1,1,1,1,1,1
88,1,1,1,1,1,,0,0,0,0,1,1,1,1,1,1,1,1,3,1,1
89,2,1,1,2,4,,0,0,0,1,1,1,3,3,1,1,1,1,2,1,2
90,1,2,1,2,2,,0,0,0,1,1,1,1,1,1,1,1,1,1,1,1
91,2,1,1,2,4,,0,0,0,1,1,1,1,1,1,1,1,1,1,1,1
92,1,1,1,2,4,,1,0,0,1,1,0,1,3,1,1,2,2,1,1,1
93,1,2,1,3,1,,1,0,0,0,1,1,1,1,1,1,1,1,1,1,1
94,2,2,1,1,1,,1,0,0,0,1,1,1,1,2,1,1,1,1,1,1
95,2,2,1,1,1,,1,0,0,0, , , , , , , , , , , 
96,1,2,1,1,1,,1,0,0,0,1,1,1,1,1,1,1,1,1,1,1
97,1,2,1,3,1,,0,0,0,1,1,1,1,1,2,1,1,1,2,1,1
98,1,1,1,3,3,,0,0,0,1,1,0,1,1,1,3,2,3,2,2,1
99,2,1,1,3,3,,0,0,0,1,1,0,1,3,1,1,1,1,1,1,1
100,1,1,1,3,3,,0,0,0,0,1,0,1,3,1,1,1,1,2,1,1
101,1,2,1,1,1,,1,1,0,0,1,1,1,1,1,1,2,2,2,1,1
102, ,,  , ,,, ,0,0,0, , , , , , , , , , , 
103,1,2,1,2,1,,0,0,0,1,1,1,1,1,1,1,1,1,1,1,2
104,1,1,1,2,2,,0,0,0,0,1,0,1,1,1,1,1,1,1,1,1
105,1,2,1,1,3,,0,0,0,1,1,1,1,1,1,1,1,1,1,1,1
106,1,1,1,3,2,,1,0,0,1,1,1,1,1,1,1,1,1,1,1,1
107,1,2,1,3,2,,1,0,0,0,1,1,1,1,1,1,1,1,1,1,1
108,1,2,1,3,4,,0,0,0,0,1,1,1,1,1,1,1,1,1,1,2
109,1,1,1,3,4,,0,0,0,0,1,1,1,3,3,1,1,1,1,1,2
110,2,2,1,3,2,,1,0,0,0,1,0,1,1,3,1,1,1,1,1,1
111,1,2,1,3,4,,0,0,0,0,1,1,1,1,1,1,1,1,1,1,1
112,2,1,1,3,4,,0,0,0,0,1,1,1,1,1,1,1,1,1,3,2
113,1,1,1,3,4,,0,0,0,0,1,1,1,1,2,1,1,1,1,1,2
114,2,2,1,3,3,,1,1,0,0,1,1,1,1,1,1,1,1,1,1,2
115,2,2,1,3,1,,1,0,0,0,1,1,1,1,2,1,1,1,1,1,1
116,2,2,1,3,2,,1,1,0,0,1,1,1,1,1,1,1,1,1,1,1
117,1,1,1,3,1,,1,0,0,1,1,1,2,2,1,1,1,1,1,1,1
118,2,2,1,3,2,,0,0,0,1,1,0,1,1,3,3,2,2,1,1,1
119,2,2,1,3,2,,1,0,0,0,1,1,1,1,1,1,1,1,1,1,2
120,1,1,1,3,2,,1,0,0,0,1,1,1,1,2,1,1,1,1,1,1
121,1,1,1,3,4,,0,0,0,1,1,1,1,1,3,1,1,1,1,1,3
122,2,2,1,3,4,,1,0,0,0,1,1,1,1,1,1,1,1,1,1,1
123,2,1,1,3,4,,0,0,0,1,1,1,1,1,1,1,1,1,1,1,2
124,2,1,1,3,4,,1,0,0,1,1,1,1,1,1,1,1,1,1,1,1
125,2,1,1,1,4,,0,0,0,0,1,1,1,1,1,1,1,1,1,1,1
126,1,2,1,3,1,,0,0,0,0,1,1,1,1,2,1,1,1,1,1,1
127,2,2,1,3,4,,0,0,0,0,1,1,1,1,2,1,1,1,1,1,1
128,2,1,1,3,4,,0,0,0,0,1,1,1,1,2,1,1,1,1,1,1
129,1,1,1,3,4,,0,0,0,0,1,1,1,1,1,1,1,1,1,1,3
130,2,2,1,3,2,,1,1,0,0,1,1,1,1,1,1,1,1,1,1,2
131,2,1,1,3,4,,1,0,0,0,1,1,1,1,1,1,1,1,1,1,1
132,2,1,1,3,4,,0,0,0,1,1,1,1,1,1,1,1,1,1,1,1
133,2,2,1,3,2,,1,0,0,0,1,1,1,1,1,1,1,1,1,1,1
134,2,2,1,3,1,,1,0,0,0,1,1,1,1,3,1,1,1,1,1,1
135,1,2,1,3,1,,1,1,0,0,1,1,1,1,2,1,1,1,1,1,1
136,2,1,1,3,2,,1,0,0,0,1,1,1,3,1,1,1,1,1,1,1
137,2,1,1,3,2,,1,0,0,0,1,1,1,1,1,1,1,1,1,1,1
138,2,2,1,3,4,,0,0,0,0,1,1,1,1,1,1,1,1,1,1,1
139,2,1,1,3,4,,0,0,0,1,0,0,1,1,1,1,1,1,2,1,1
140,1,1,1,3,4,,0,0,0,1,1,1,1,1,2,1,1,1,1,1,1
141,1,2,1,3,1,,0,0,0,0,1,1,1,1,1,1,1,1,1,1,1
142,2,1,1,3,4,,0,0,0,0,1,1,1,1,1,1,1,1,1,1,1
143,1,2,1,1,1,,1,0,0,0,1,1,1,1,1,1,1,1,1,1,2
144,2,2,1,1,2,,1,0,0,0,1,1,1,1,1,1,1,1,1,1,1
144,2,2,1,4,5,,0,0,0,1,0,0,2,2,2,1,2,1,2,1,1
145,1,0,1,5,2,,0,0,0,1,0,0,2,2,1,1,1,2,1,1,2
146,1,2,1,3,2,,1,1,0,0,1,1,1,1,1,1,1,1,2,2,1
147,1,1,1,3,1,,0,0,0,0,1,1,1,1,1,1,1,1,1,1,1
148,1,1,1,2,1,,0,0,0,1,1,1,1,1,1,1,1,1,1,1,1
149,1,2,1,1,2,,1,0,0,1,1,0,1,1,2,1,1,1,2,1,1
150,2,1,1,3,3,,0,0,0,1,1,0,1,1,1,1,1,1,1,2,2
151,2,1,1,3,3,,1,1,0,0,1,0,1,1,1,1,1,1,1,1,1
152,2,2,1,3,3,,1,0,0,1,1,0,1,1,1,1,1,1,1,1,1
152,1,2,1,4,5,,0,0,0,1,1,0,2,2,2,1,2,1,1,1,1
153,1,1,1,2,3,,1,0,0,1,1,0,1,1,1,3,1,1,1,1,1
154,1,1,1,2,3,,1,0,0,1,1,0,1,1,1,1,1,1,2,2,1
155,1,2,1,2,1,,1,0,0,0,1,1,1,1,3,1,1,1,1,1,1
156,1,1,1,3,1,,1,0,0,1,1,0,1,1,1,1,1,1,1,1,1
157,1,2,1,3,1,,1,0,0,0,1,0,1,1,1,1,1,1,2,2,1
158,1,1,1,3,2,,0,0,0,1,1,1,1,1,1,1,1,1,1,1,1
159,2,1,1,3,2,,1,0,0,1,1,1,1,1,1,1,1,1,1,1,1
160,1,2,1,3,2,,1,0,0,0,1,1,1,1,1,1,1,1,1,1,1
161,1,2,1,3,1,,0,1,0,0,1,0,1,1,1,1,1,1,1,1,1
162,1,1,1,3,3,,0,0,0,1,1,0,1,3,1,1,2,2,2,1,3
163,1,1,1,3,3,,0,0,0,1,1,0,1,1,2,1,3,1,1,1,3
164,1,1,1,3,1,,1,1,0,0,1,1,1,1,1,1,1,1,1,1,1
165,2,1,1,1,4,,0,0,0,0,1,1,2,1,1,1,1,1,1,1,1
166,2,2,1,1,2,,1,1,0,0,1,1,1,1,1,1,1,1,1,1,1
167,1,2,1,4,2,,0,0,0,1,1,1,2,2,2,1,2,1,2,1,1
168,1,2,1,4,2,,0,0,0,0,1,1,1,1,2,1,2,1,1,1,1
169,1,2,1,1,1,,1,0,0,0,1,1,2,2,2,1,1,1,1,1,1
170,1,1,1,5,1,,0,0,0,1,1,0,3,3,2,3,2,2,2,2,2
171,1,1,1,5,2,,0,0,0,1,1,1,1,1,1,1,1,1,1,1,1
172,2,1,1,5,2,,0,0,0,1,1,0,3,3,3,3,3,3,3,3,3
173,1,2,1,5,4,,0,0,0,0,1,0,2,2,1,1,1,1,1,1,1
174,2,2,1,4,1,,0,0,0,1,1,1,1,1,1,1,3,3,2,1,1
175,2,2,1,4,1,,1,0,0,0,1,1,2,2,1,1,1,1,1,1,1
176,1,1,1,4,2,,1,0,0,0,1,0,2,2,2,1,1,1,2,2,1
177,1,2,1,4,1,,1,0,0,0,1,1,1,1,1,1,1,1,1,1,1
178,1,2,1,4,2,,0,0,0,0,1,1,2,2,2,1,1,1,1,1,1
179,1,2,1,4,2,,0,0,0,1,1,1,2,2,2,1,1,1,3,1,1
180,1,1,1,4,2,,0,0,0,1,1,1,2,2,2,1,1,1,3,1,1
181,1,2,1,4,3,,0,0,0,1,1,1,2,2,2,1,1,1,2,1,1
182,1,2,1,4,1,,0,0,0,1,1,1,2,2,2,1,1,1,3,1,1
183,2,2,1,4,2,,1,1,0,0,1,1,2,2,1,1,1,1,2,1,1
184,1,2,1,4,4,,0,0,0,1,1,1,2,2,2,1,2,2,1,1,1
185,1,2,1,4,1,,0,0,0,1,1,1,2,2,2,1,1,1,3,1,1
186,1,2,1,4,4,,0,0,0,1,1,1,2,2,2,1,2,2,3,1,1
187,2,1,1,4,4,,0,0,0,1,1,0,1,1,1,1,1,1,1,1,1
188,1,2,1,4,2,,0,0,0,1,1,1,2,2,1,1,1,1,1,1,1
189,2,1,1,1,1,,1,0,0,0,1,1,1,1,1,1,1,1,1,1,1
190,2,2,1,4,2,,0,0,0,0,1,1,3,3,2,1,1,1,1,1,1
191,1,2,1,4,3,,0,0,0,1,1,1,1,1,3,1,1,1,1,1,1
192,1,1,1,4,2,,0,0,0,1,1,1,1,1,2,1,2,1,1,1,1
193,1,2,1,4,2,,0,0,0,1,1,1,2,2,2,1,1,1,2,1,1
194,1,2,1,5,2,,0,0,0,1,1,1,2,2,2,1,1,1,3,1,1
195,1,2,1,5,1,,1,0,0,1,1,1,2,2,2,1,1,1,2,1,1
196,1,2,1,4,1,,1,0,0,1,1,1,2,2,1,1,1,1,2,1,1
197,1,2,1,4,1,,1,0,0,1,1,1,2,2,1,1,1,1,1,1,1
198,1,2,1,4,1,,1,0,0,1,1,1,2,2,2,1,1,1,1,1,1
199,1,1,1,4,1,,0,0,0,1,1,1,2,2,2,1,1,1,2,1,1
200,2,0,1,1,2,,0,0,0,1,1,0,2,2,2,1,1,1,1,1,1
201,1,2,1,5,1,,1,0,0,1,1,0,1,1,1,1,1,1,1,1,1
202,1,2,1,4,2,,0,0,0,1,1,1,2,2,2,1,1,1,1,1,1
203,1,1,1,4,1,,1,0,0,1,1,1,2,2,2,1,1,1,1,1,1
204,2,2,  , ,5,,0,0,0,0,1,0,1,1,1,1,1,1,1,1,1
205,2,2,  , ,2,,1,0,0,0,1,1,1,1,1,1,1,1,1,1,1
206,2,1,  , ,1,,0,0,0,0,1,1,1,1,1,1,1,1,1,1,1
207,2,2,  , ,2,,0,0,0,0,1,1,1,2,1,2,2,1,2,1,2
208,1,2,  , ,1,,0,0,0,0,1,0,2,2,1,1,3,2,2,1,2
209,2,1,  , ,2,,0,1,0,0,1,1,2,2,1,1,1,1,1,1,2
210,2,1,  , ,1,,0,0,0,1,0,1,3,2,3,3,3,1,2,1,1
211,2,2,5,4,1,,1,0,1,0,1,0,2,2,1,3,1,1,2,1,2
212,2,2,1,3,1,,1,0,0,0,1,1,1,1,1,1,2,1,1,1,1
213,2,2,7,4,2,,1,1,0,0,0,,1,1,1,1,1,1,1,1,2
214,1,1,3,4,1,,0,1,0,0,1,0,2,1,1,1,1,1,2,1,2
215,2,2,1,4,1,,0,0,0,0,1,1,2,2,1,1,1,1,2,1,2
216,2,2,7,4,1,,1,0,0,0,1,1,1,2,1,1,1,1,1,1,2
217,2,2,7,4,,,1,0,0,1,0,0, ,3,1,1,1,1,1,1,1
218,1,2,7,2,1,,0,0,0,0,1,1,2,2,2,1,2,2,2,2,2
219,2,2,1,4,2,,0,1,0,0,1,1,2,2,1,1,1,3,2,1,1
220,2,2,2,2,2,,1,1,0,0,1,1,2,2,1,1,1,1,2,1,1
221,2,2,7,4,4,,0,1,0,0,1,1,2,3,1,1,1,1,1,1,1
222,2,2,1,3,2,,0,0,1,0,1,1,2,2,1,1,2,2,2,1,1
223,2,2,3,5,2,,0,0,0,0,1,0,2,2,1,1,2,2,2,1,2
224,2,2,1,4,2,,1,0,1,0,1,1,1,1,1,1,1,1,1,1,1
225,2,2,1,3,2,,1,0,0,0,1,0,2,2,1,1,1,1,2,1,1
226,1,1,8,2,2,,1,1,0,0,1,1,2,2,1,1,1,1,2,1,1
227,2,2,8,2,1,,0,0,1,0,1,1,1,3,1,1,1,1,1,1,1
228,2,2,8,2,2,,0,0,1,0,1,1,2,2,1,1,2,1,1,1,1
229,1,,8,2,1,,0,0,0,0,1,0,2,2,2,2,2,2,2,2,2
230,1,2,7,4,,,0,0,0,0,1,1,3,3,1,1,1,1,1,1,1
231,2,2,8,4,2,,1,0,1,0,1,1,2,2,1,1,3,1,2,1,1
232,1,2,8,2,2,,0,0,0,1,1,0,1,1,1,2,2,2,2,1,1
233,2,2,8,2,2,,1,0,0,0,1,1,2,2,1,1,1,1,2,1,2
234,2,2,8,2,2,,1,0,0,0,1,0,1,1,1,1,2,2,2,3,1
235,1,2,8,2,2,,0,1,0,0,1,0,2,2,1,1,2,1,2,3,1
236,2,2,8,2,3,,0,0,0,0,1,1,2,2,1,1,1,1,2,3,1
237,2,1,8,2,3,,0,0,0,1,1,0,2,2,1,1,1, ,2, ,1
238,2,1,8,2,2,,1,0,0,0,1,1,2,2,1, ,3,1,2,1,1
239,2,2,8,2,2,,0,0,0,1,1,1,2,2,1,1,2,2,2,1,1
240,2,1,8,2,2,,1,0,0,0,1,1,2,2,1, ,3,1,2,1,1
241,1,1,8,2,3,,0,0,0,0,1,1,2,2,2,1,2,1,2,3,2
242,1,2,8,2,1,,0,0,0,0,1,0,3,3,2,1,2,2,1,1,1
243,1,2,8,3,2,,0,1,0,0,1,0,1,2,1,1,1,1,2,2,2
244,2,2,8,2,,,0,0,1,0,1,0,2,2,1,1,2,1,2,1,1
245,2,2,8,4,,,1,0,0,0,1,1,2,2,1,1,1,1,1,1,1
246, ,1,8,2,1,,0,0,1,0,1,0, ,1,1,1,2,2,2,1,1
247,2,1,8,2,1,,0,0,0,0,1,0,3,3,1,1,2,2,2,1,1
248,1,2,1,8,1,,0,0,0,0,1,1, , ,1,1,1,1,1,1,2
249,2,1,7,4,1,,1,0,0,0,1,1,1,1,1,1,1,1,1,1,1
250,2,2,7,2,2,,1,0,0,0,1,1,1,1,1,1,1,1,1,1,1
251,2,2,8,2,4,,0,0,0,1,1,1,1,3,3,1,1,1,1, ,1
252,2,1,1,4,1,,1,0,1,0,1,1,1,1,1,1,1,1,1,2,2
253,2,2,2,3,1,,0,0,0,0,1,1,1,1,1,1,2,1,1,1,1
254,2,1,8,3,3,,1,1,0,0,1,1,1,1,1,3,1,1,1,1, 
255,2,2,8,2,1,,0,0,0,1,1,1,2,2,2,1,2,1,2,1,1
256,2,2,7,4,2,,0,0,0,0,1,1,3,3,1,1,1,1,2,1,1
257,2,2,5,5,1,,1,0,0,0,1,1,2,2,1,1,1,1,2,1,1
258,1,2,1,7,2,,0,0,0,1,1,1,1,1,1,1,1,1,1,1,1
259,2,1,7,1,1,,0,1,0,0,1,1,3,3,1,2,2,1,1,1,1
260,1,2,8,4,2,,1,0,1,0,1,0,2,2,2,1,1,1,2,1,1
261,2,1,7,1,1,,0,0,0,0,1,1,1,1,1,1,1,1,1,1,1
262,1,2,7,4,1,,0,1,0,0,1,1,2,2,1, ,1,1,2,1,1
263,1,2,7,4,1,,0,1,0,0,1,1,2,2,1, ,1,1,2,1,1
264,1,1,8,4,,,0,0,0,0,1,0,2,2,1,1,1,1,2,1,2
265,1,1,8,2,3,,0,0,0,1,1,1,3,3,3,1,1,3,1,3,2
266,2,2,6,4,2,,0,0,0,0,1,1,1,1,3,1,1,1,1,1,1
267,2,2,4,4,4,,1,0,0,0,1,1,3,3,1,2,2,1,2, ,1
268,2,,1,5,,, ,0,0,0,,, , , , , , , , , 
269,1,2,1,1,,,0,0,1,0,1,1,2,2,1,1,1,1,2,1,1
270,2,2,1,8,3,,1,0,0,0,1,1, , ,1,1,1,1,1,1,1
271,2,2,7,4,,,1,0,0,0,1,1,3,3,2,1,2,2,1,1,3
272,2,2,1,2,2,,1,1,0,0,1,1,3,3,1,1,1,1,1,1,1
273,1,2,1,1,2,,0,0,1,0,1,1,2,3,1,2,1,1,1,1,1
274,1,2,1,1,2,,0,0,1,0,1,1,2,3,1,2,1,1,1,1,1
275,1,2,1,4,2,,0,0,0,1,1,1,1,1,2,1,1,2,2,2,1
276,1,2,1,1,2,,0,0,1,0,1,1,2,3,1,2,1,1,1,1,1
277,1,2,5,4,1,,0,0,0,1,1,0,2,2, , , , , , , 
278,1,2,1,3,2,,1,0,0,0,1,1,1,1,1,1,1,1,1,1,2
279,1,1,1,1,3,,1,0,0,0,1,1,1,1,3,3,1,1,3,1,2
280,1,1,1,3,3,,1,0,0,0,1,1,1,3,1,1,2,1,1,1,1
281,1,2,7,4,3,,0,0,0,1,1,0,3,3,2,1,2,2,2,1,1
282,2,1,1,3,2,,1,0,0,0,1,1,1,1,1,1,1,1,1,1,2
283,1,2,1,3,3,,1,0,0,0,1,1,1,3,3,1,1,1,1,1,2
284,1,1,1,3,3,,1,0,0,0,1,1,1,3,1,1,2,1,1,1,1
285,2,2,1,5,2,,0,0,0,1,0,0,1,1,1,1,1,1,2,1,1
286,1,2,1,5,,,1,0,1,0,0,1,1,1,1,1,1,1,2,1,1
287,2,2,1,4,1,,1,0,0,0,1,1,1,1,2,1,1,1,1,1,2
288,1,2,7,4,1,,0,0,0,1,1,1,1,1,1,1,1,2,2,1,2
289,1,2,1,4,1,,0,0,0,0,1,0,3,3,1,1,2,1,1,2,1
290,1,1,7,4,1,,0,0,0,1,,,1,3,2,1, , ,2,2,1
291,2,2,1,8,2,,0,0,0,0,1,1,1,1,1,1,2,1,1,1,1
292,2,2,1,6,,,0,0,0,0,1,1,1,1,1,1,1,1,1,1,1
293,2,2,1,6,2,,0,0,1,0,1,1,1,1,1,1,1,1,1,1,2
294,2,2,1,5,4,,0,0,1,0,1,0,1,1,1,1,1,1,1,1,2
295,1,,1,3,2,,0,0,0,0,1,1,1,1,2,1,2,2,2,2,2
296,2,2,  , ,5,,0,0,0,0,1,0,1,1,1,1,1,1,1,1,1
297,2,2,  , ,2,,1,0,0,0,1,1,1,1,1,1,1,1,1,1,1
298,2,1,  , ,1,,0,0,0,0,1,1,1,1,1,1,1,1,1,1,1
299,2,2,  , ,2,,0,0,0,0,1,1,1,2,1,2,2,1,2,1,2
300,2,2,1,3,2,,0,0,0,0,1,1,1,1,1,1,1,1,1,1,1
301,2,2,1,3,1,,0,0,0,0,1,1,1,1,1,1,1,1,1,1,1
302,1,1,1,3,1,,1,0,0,0,1,1,1,1,1,1,1,1,1,1,1
303,1,1,1,3,1,,1,0,0,0,1,1,1,1,1,1,1,1,1,1,1
304,2,2,1,3,1,,1,0,0,0,1,1,1,1,1,1,1,1,1,1,1
305,2,2,1,3,1,,1,0,0,0,1,1,1,1,1,1,1,1,1,1,1
306,1,1,1,3,2,,0,0,1,0,1,1,1,1,2,1,3,1,1,1,1
307,1,1,1,3,1,,1,0,0,0,1,1,1,1,1,1,1,1,1,1,1
308,2,1,1,3,1,,0,0,0,0,1,1,1,1,1,1,1,1,1,1,1
309,1,1,1,3,1,,0,0,0,0,1,1,1,1,1,1,1,1,1,1,1
310,2,2,1,3,1,,1,0,0,0,1,1,1,1,3,1,1,1,1,1,1
311,1,2,1,3,1,,1,0,0,0,1,1,1,1,1,1,1,1,1,1,1
312,1,2,1,3,1,,0,0,0,0,1,1,1,1,1,1,1,1,1,1,1
313,1,2,1,3,1,,0,0,0,1,1,1,1,1,1,1,1,1,1,3,3
314,1,1,1,3,2,,1,0,0,1,1,1,3,3,3,3,1,1,1,1,1
315,1,1,1,3,1,,1,0,0,1,1,1,1,1,3,1,1,1,1,1,1
316,1,1,1,3,1,,0,0,0,1,1,1,3,3,1,1,1,1,1,1,1
317,1,1,1,3,1,,0,0,0,1,1,1,3,1,1,1,1,1,1,1,1
318,1,0,1,3,1,,0,0,0,1,1,1,1,1,1,1,1,1,1,1,1
319,1,2,1,3,1,,0,0,0,1,1,1,1,1,1,1,1,1,1,1,1
320,1,2,1,3,1,,0,0,0,1,1,1,1,1,1,1,1,1,1,1,1
321,2,1,1,3,1,,0,0,0,1,1,1,1,1,1,1,1,1,1,1,1
322,2,2,1,3,1,,0,0,0,1,1,1,1,1,1,1,1,1,1,1,1
323,1,2,1,3,1,,0,0,0,1,1,1,1,1,1,1,1,1,1,1,1
324,1,2,1,3,1,,0,0,0,0,1,1,1,1,1,1,1,1,1,1,1
400,1,1,1,4,1,,1,0,1,1,1,1,1,1,1,1,1,1,1,1,1
401,2,1,1,4,5,,0,0,1,1,1,1,1,1,1,1,1,1,1,1,1
402,1,1,1,4,1,,1,0,1,1,1,1,1,1,1,1,1,1,1,1,1
403,1,1,1,4,5,,1,0,1,1,1,0,1,1,2,1,3,1,1,1,1
404,1,2,1,4,5,,1,0,0,1,1,1,1,1,1,1,1,1,1,1,2
405,2,2,1,4,1,,1,0,0,1,1,1,1,1,1,1,1,1,3,1,1
406,1,1,1,4,5,,0,0,0,1,1,1,1,1,2,1,2,1,1,1,3
407,1,2,1,4,5,,0,0,1,1,1,1,1,3,2,1,1,1,2,1,1
408,1,2,1,4,5,,0,0,0,1,1,1,1,1,1,1,1,1,1,1,1
409,2,1,1,4,1,,1,0,1,1,1,0,2,2,2,2,2,2,2,2,1
410,2,2,1,4,5,,1,0,0,1,1,1,1,1,1,1,1,1,1,1,1
411,1,1,1,4,1,,1,0,1,1,1,1,1,1,1,1,1,1,1,1,2
412,2,1,1,4,3,,0,0,0,1,0,0,1,1,1,1,1,1,1,1,1
413,1,1,1,4,5,,0,0,1,1,1,0,1,1,1,1,2,1,2,1,2
414,1,2,1,4,5,,0,0,1,1,1,0,1,1,1,1,1,1,1,1,1
415,1,2,1,4,5,,0,0,0,1,1,1,1,3,1,1,1,1,1,1,1
416,1,1,1,4,3,,0,0,0,1,0,0,1,1,1,1,1,1,1,1,3
417,2,1,1,4,3,,1,0,0,1,0,0,3,3,2,1,1,1,1,2,2
418,1,1,1,4,5,,0,0,1,1,1,0,1,1,1,1,2,1,1,1,1
419,1,1,1,4,1,,0,0,0,1,1,1,1,1,1,1,2,2,1,1,2
420,1,1,1,4,3,,1,0,1,1,0,0,2,2,1,1,2,1,1,1,1
421,2,2,1,4,5,,1,0,1,1,1,1,1,1,2,1,2,1,1,2,1
422,1,2,1,4,5,,1,0,0,1,1,1,1,1,1,1,2,1,1,1,1
423,1,1,1,4,5,,0,0,0,1,1,1,1,1,2,1,1,2,1,1,1
424,1,1,1,4,5,,1,0,0,1,1,1,1,3,1,1,1,1,1,1,1
425,1,1,1,4,5,,0,0,1,1,1,1,1,1,2,1,1,1,1,1,1
426,1,2,1,4,5,,0,0,1,1,1,1,1,1,2,2,2,1,1,1,2
427,2,2,1,4,2,,1,0,1,1,1,0,1,1,1,1,1,1,1,1,1
428,1,2,1,4,1,,0,0,0,1,1,1,2,2,2,2,1,2,1,1,1
429,2,2,1,4,5,,1,0,0,1,1,1,3,2,1,1,1,1,2,1,1
430,1,2,1,4,5,,1,0,0,1,1,1,2,1,2,1,1,2,2,2,2
431,2,2,1,4,5,,1,0,0,1,1,1,1,1,1,1,1,1,1,1,1
432,1,2,1,4,5,,1,0,0,1,1,1,2,1,1,1,1,1,1,1,1
433,1,2,1,4,5,,1,0,0,1,1,1,1,1,2,1,1,3,1,2,1
434,1,2,1,4,5,,1,0,0,1,1,1,2,2,1,1,1,1,1,1,1
435,1,1,1,4,5,,0,0,0,1,1,1,1,1,1,1,2,1,1,1,1
436,1,2,1,4,5,,1,0,1,1,1,0,2,2,1,1,2,1,2,2,1
437,1,2,1,4,5,,1,0,1,1,1,0,1,1,1,1,1,1,1,2,1
438,1,2,1,4,2,,1,0,0,1,1,0,2,2,1,1,2,1,2,2,1
439,1,1,1,4,2,,1,0,1,1,1,1,2,1,2,1,2,2,1,1,1
440,2,1,1,4,5,,1,0,1,1,0,0,1,1,1,1,1,1,1,1,1
441,1,2,1,4,2,,0,0,0,1,0,0,1,2,1,1,1,2,1,1,2
442,2,2,1,4,5,,0,0,0,1,0,0,1,2,2,1,1,1,2,2,1
443,1,2,1,4,5,,1,0,0,1,1,1,2,1,1,1,1,1,1,1,1
444,2,1,1,4,5,,1,0,1,1,1,1,1,2,1,1,2,1,2,2,1
445,1,2,1,4,5,,1,0,0,1,1,1,2,1,1,1,2,1,1,1,1
446,2,1,1,4,3,,1,0,1,1,1,0,2,1,1,1,1,1,1,3,1
447,1,2,1,4,5,,0,0,0,1,0,0,1,2,1,2,2,1,1,1,1
448,1,2,1,4,5,,0,0,0,1,1,0,1,2,2,1,2,2,2,2,2
449,2,2,1,4,5,,0,0,1,1,1,0,3,3,2,1,2,1,1,3,1
450,1,2,1,4,5,,0,0,0,1,1,1,1,1,2,1,2,2,1,1,1
451,1,2,1,4,5,,1,0,1,1,1,0,1,1,1,1,2,1,2,1,1
452,1,1,1,4,3,,1,0,1,1,1,1,2,2,1,1,1,1,1,2,1
453,1,2,1,4,1,,1,0,0,1,1,0,1,1,1,1,1,1,1,1,2
454,1,2,1,4,1,,0,0,1,1,1,0,1,2,1,1,1,1,1,2,2
455,1,2,1,4,1,,0,0,1,1,1,0,2,2,1,1,1,1,1,1,1
456,1,2,1,4,5,,0,0,1,1,1,0,1,1,2,1,1,1,2,2,2
457,1,2,1,4,1,,0,0,1,1,1,0,1,1,2,1,1,1,1,1,1
458,1,2,1,4,3,,0,0,1,1,1,0,1,1,2,1,2,1,2,1,1
459,1,2,1,4,5,,1,0,1,1,1,0,1,1,1,1,1,2,1,1,2
460,1,2,1,4,5,,1,0,0,1,1,0,2,2,1,1,1,1,1,2,1
461,1,2,1,4,5,,1,0,1,1,1,0,2,1,1,1,1,1,1,1,1
462,1,1,1,4,2,,0,0,1,1,1,0,1,1,2,1,2,1,1,2,1
463,2,2,1,4,5,,0,0,0,1,1,0,1,1,1,2,1,1,2,3,1
464,1,2,1,4,2,,1,0,0,1,1,0,1,1,1,1,2,1,1,1,2
465,1,2,1,4,5,,1,0,0,1,1,0,1,1,1,1,1,1,1,1,1
466,1,2,1,4,2,,1,0,0,1,1,0,1,1,1,1,1,1,1,1,1
467,1,2,1,4,5,,1,0,1,1,1,0,2,1,1,2,1,1,1,1,1
468,1,2,1,4,5,,1,0,1,1,1,0,1,1,1,1,1,1,2,1,1
469,1,2,1,4,5,,1,0,1,1,1,0,2,2,1,1,1,2,1,1,1
470,1,2,1,4,2,,0,0,0,1,1,0,1,1,1,1,1,1,1,2,1
471,1,2,1,4,5,,0,0,0,1,1,0,1,1,2,1,1,2,1,1,1
472,1,2,1,4,5,,1,0,0,1,1,1,2,2,2,1,2,2,2,1,1
473,1,2,1,4,1,,0,0,0,1,1,0,2,1,1,1,2,2,1,1,1
474,2,1,1,4,3,,0,0,1,1,1,0,2,2,1,1,1,1,1,1,1
475,1,2,1,4,1,,0,0,0,1,1,0,1,1,1,1,1,1,1,1,1
476,1,2,1,4,5,,0,0,0,1,0,0,2,1,2,2,2,2,2,1,1
477,2,2,1,4,5,,0,0,0,1,0,0,1,2,3,1,2,1,1,2,1
478,1,1,1,4,5,,0,0,0,1,1,1,1,3,2,1,1,1,1,2,1
479,1,2,1,4,5,,1,0,0,1,1,0,1,1,1,1,1,2,1,1,1
480,2,1,1,4,5,,1,0,0,1,1,0,1,2,1,1,2,1,1,1,1
481,2,2,1,4,5,,0,0,1,1,0,0,1,1,2,1,2,2,1,2,1
482,1,2,1,4,2,,0,0,0,1,1,0,1,1,1,1,1,2,1,1,1
483,1,2,1,4,5,,1,1,1,0,1,0,1,2,1,1,1,1,1,1,1
484,1,2,1,4,2,,0,0,1,1,1,0,1,2,1,1,1,1,1,2,1
485,1,1,1,4,3,,0,0,0,1,1,0,1,1,1,1,2,1,1,1,1
486,1,1,1,4,5,,1,0,1,1,1,0,2,2,2,1,2,2,2,2,2
487,1,1,1,4,5,,1,0,1,1,1,0,1,1,1,1,2,2,1,1,1
488,1,1,1,4,1,,0,0,1,1,0,0,1,2,2,1,1,2,1,1,1
489,2,1,1,4,3,,0,0,1,1,1,0,1,1,1,1,1,1,1,1,1
490,2,1,1,4,2,,1,1,1,1,1,1,1,1,1,1,1,1,1,1,1
491,1,2,1,4,5,,0,0,0,1,0,0,1,1,2,1,1,2,1,1,1
492,2,2,1,4,5,,0,0,0,1,1,0,3,1,2,1,1,1,1,1,1
493,2,2,1,4,5,,1,0,0,1,1,1,1,1,1,1,1,2,1,1,1
494,2,2,1,4,5,,1,0,1,1,1,1,1,1,1,1,1,1,1,1,1
495,1,1,1,4,5,,0,0,1,1,1,0,3,3,2,1,2,2,1,1,1
496,1,1,1,4,5,,0,0,1,1,1,0,1,1,1,1,2,2,2,2,2
497,1,2,1,4,5,,0,0,0,1,1,0,2,1,1,1,1,1,2,2,1
498,1,1,1,4,2,,0,0,0,1,1,0,2,2,2,1,2,1,2,1,1
499,1,2,1,4,5,,0,0,0,1,1,0,2,2,2,1,1,1,1,1,1
500,1,2,1,4,1,,0,0,1,1,1,0,1,1,2,1,2,1,1,1,1
501,1,2,1,4,5,,0,0,0,1,0,0,1,1,1,1,2,1,1,1,1
502,1,2,1,4,2,,0,0,0,1,1,0,1,1,3,1,2,2,1,1,2
503,2,2,1,4,5,,0,0,1,1,0,0,3,3,2,1,2,1,1,2,1
504,1,2,1,4,2,,0,0,1,1,1,0,2,2,2,1,1,1,1,2,2
505,1,2,1,4,5,,0,0,1,1,0,0,1,1,2,1,1,2,1,1,1
506,1,2,1,4,5,,0,0,1,1,0,0,2,1,2,2,1,1,1,1,1
507,2,1,1,4,3,,1,0,1,1,0,0,1,1,1,1,1,1,1,1,1
508,2,1,1,4,5,,1,0,0,1,1,0,1,2,1,1,1,2,1,2,2
509,1,1,1,4,5,,0,0,0,1,1,0,1,1,2,1,1,2,1,1,1
510,1,1,1,4,5,,0,1,0,1,1,0,1,2,2,2,1,1,1,1,1
511,2,1,1,4,5,,0,0,0,1,1,0,1,1,1,1,2,1,1,1,2
512,2,1,1,4,5,,0,0,0,1,1,0,1,1,2,2,1,1,1,1,1
513,1,2,1,4,2,,0,0,1,1,0,0,1,1,2,2,1,1,1,1,1
514,2,2,1,4,1,,0,0,0,1,1,0,1,2,2,1,1,1,1,1,1
515,2,1,1,4,5,,0,0,1,1,1,1,1,1,2,1,1,1,1,1,1
516,2,2,1,4,5,,0,0,1,1,0,0,2,2,2,1,1,1,2,1,1
517,2,2,1,4,5,,0,0,0,1,1,1,1,1,2,2,2,1,1,1,1
518,1,2,1,4,5,,0,0,1,1,1,0,3,3,2,2,1,1,1,1,1
519,1,1,1,4,5,,1,1,0,1,1,1,1,1,1,1,1,1,1,1,1
520,2,2,1,4,5,,1,1,0,1,1,1,1,1,1,1,2,1,1,1,1
521,2,1,1,4,5,,0,0,1,1,0,0,1,1,1,1,1,1,1,1,1
522,1,1,1,4,5,,0,0,0,1,1,0,1,1,2,2,1,1,2,1,2
523,1,2,1,4,5,,0,0,0,1,1,1,1,1,2,1,1,1,1,1,1
524,1,2,1,4,5,,0,0,1,1,0,0,1,1,1,1,2,1,1,1,1
525,1,1,1,4,3,,0,0,0,1,1,0,1,1,2,2,1,1,1,2,1
526,2,2,1,4,5,,0,0,1,1,1,1,2,2,1,1,1,1,1,2,1
527,1,2,1,4,2,,0,0,1,1,0,0,2,2,2,2,1,1,1,1,1
528,1,2,1,4,5,,0,0,1,1,1,0,2,2,1,1,1,1,1,2,1
529,2,2,1,4,5,,0,0,1,1,0,0,1,1,1,1,1,1,1,1,1
530,1,1,1,4,1,,0,0,0,1,1,0,1,1,1,2,1,1,1,1,1
531,1,2,1,4,5,,0,0,0,1,1,0,1,1,1,1,1,1,1,2,2
532,2,2,1,4,5,,1,0,0,1,1,0,1,1,2,1,1,1,2,2,2
533,1,2,1,4,2,,0,0,0,1,1,0,1,3,2,1,1,1,1,1,1
534,1,1,1,4,5,,1,0,1,1,1,0,1,1,2,2,1,1,1,1,1
535,1,2,1,4,1,,0,0,0,1,1,0,1,1,2,1,2,1,1,1,1
536,2,1,1,4,3,,0,0,0,1,0,0,1,1,2,2,2,1,1,1,1
537,2,1,1,4,3,,0,0,0,1,1,0,1,1,1,1,2,1,1,1,1
538,2,1,1,4,5,,0,0,0,1,0,0,1,3,2,1,1,1,1,2,1
539,1,2,1,4,2,,0,0,1,1,0,0,2,1,2,1,1,1,1,1,1
540,1,2,1,4,5,,0,0,0,1,1,0,1,1,1,1,1,1,2,1,1
541,2,2,1,4,5,,0,0,0,1,0,0,3,3,2,1,1,1,1,1,2
542,1,1,1,4,5,,0,0,1,1,0,0,1,1,2,1,1,1,1,1,1
543,1,2,1,4,5,,0,0,0,1,1,0,1,1,1,1,1,1,1,1,1
544,2,2,1,4,5,,0,0,1,1,0,0,3,3,2,2,1,1,1,1,1
545,2,2,1,4,5,,0,0,1,1,0,0,3,3,2,1,1,1,1,1,1
546,1,2,1,4,2,,0,0,0,1,1,0,1,1,2,2,2,1,1,1,1
547,1,1,1,4,1,,0,0,1,1,0,0,1,1,1,1,1,1,2,2,1
548,2,2,1,4,5,,0,0,0,1,1,1,1,1,2,1,1,1,1,1,3
549,2,2,1,1,1,,1,0,1,1,1,1,1,1,1,1,1,1,1,1,1
550,1,2,1,4,5,,0,0,0,1,1,0,1,1,2,1,2,2,1,2,3
551,2,2,1,4,5,,0,0,0,1,1,1,1,1,2,1,1,1,1,1,2
552,1,2,1,4,5,,1,0,0,1,1,0,1,1,1,1,1,1,1,1,1
553,1,2,1,4,5,,1,0,0,1,1,0,1,1,2,2,1,1,1,2,1
554,1,2,1,4,5,,0,0,0,1,1,0,1,1,2,1,1,1,1,1,1
555,1,2,1,4,2,,0,0,0,1,1,0,1,1,1,1,1,1,1,1,1
556,2,1,1,4,5,,0,0,1,1,0,0,1,1,1,1,1,1,1,1,1
557,1,2,1,4,5,,0,0,1,1,0,0,1,1,1,1,1,1,1,1,1
558,1,2,1,4,5,,0,0,1,1,0,0,1,1,1,1,1,1,1,1,1
559,1,2,1,4,2,,0,0,0,1,1,0,1,1,1,1,1,1,1,1,1
560,1,2,1,4,2,,0,0,0,1,1,0,1,1,2,1,1,1,1,1,1
561,1,2,1,4,5,,0,0,1,1,0,0,1,3,1,1,1,1,1,1,1
562,2,2,1,4,4,,0,0,0,1,0,0,2,2,2,1,1,1,1,1,1
563,1,1,1,4,1,,0,0,1,1,1,0,1,1,1,1,1,1,1,1,1
564,2,1,1,4,3,,0,0,0,1,1,0,1,1,2,1,1,1,2,1,1
565,2,1,1,4,5,,1,0,0,1,1,0,1,1,1,1,1,2,1,1,1
566,2,2,1,4,1,,0,0,1,1,0,0,1,1,2,1,1,1,1,1,1
567,2,1,1,4,5,,1,0,0,1,1,0,1,1,1,1,1,1,1,1,1
568,1,2,1,4,5,,0,0,0,1,0,0,1,1,1,1,1,1,1,1,1
569,1,1,1,4,5,,0,0,0,1,0,0,1,1,1,1,2,2,1,1,1
570,1,1,1,4,5,,0,0,0,1,0,0,1,1,2,2,2,2,1,1,1
571,2,2,1,4,5,,0,0,0,1,0,0,1,1,2,1,1,1,1,1,1
572,1,1,1,4,2,,0,0,0,1,1,0,2,1,1,1,1,1,1,2,2
573,1,2,1,4,2,,1,0,0,1,1,0,1,1,1,1,1,2,2,1,1
574,1,2,1,4,1,,0,0,0,1,1,0,1,1,1,1,1,1,1,1,2
575,1,1,1,4,2,,0,0,0,1,1,0,1,1,1,1,2,1,1,1,1
576,1,1,1,4,3,,0,0,0,1,1,0,1,1,1,1,1,1,1,2,1
577,2,2,1,4,5,,0,0,0,1,0,0,2,2,2,1,2,1,1,1,1
578,1,2,1,4,5,,0,0,0,1,1,1,1,1,1,1,2,2,1,1,1
579,2,2,1,4,5,,0,0,1,1,0,0,1,1,1,1,1,1,1,1,1
580,2,2,1,4,4,,0,0,0,1,1,1,1,1,1,1,1,1,1,2,1
581,2,1,1,4,1,,0,0,0,1,1,0,1,2,1,1,2,2,1,1,1
582,1,2,1,4,1,,0,0,0,1,1,0,1,1,2,1,2,2,1,1,2
583,1,2,1,4,5,,0,0,0,1,1,0,1,1,1,1,1,1,1,2,1
584,1,1,1,4,5,,0,0,0,1,0,0,2,1,1,1,1,2,1,1,2
585,1,1,1,4,5,,0,0,0,1,0,0,3,3,1,1,1,1,1,2,2
586,2,2,1,5,5,,0,0,0,1,1,0,1,1,1,1,2,1,1,1,1
587,2,2,1,4,2,,1,0,0,1,1,0,2,1,1,1,2,2,1,1,1
588,1,1,1,4,3,,0,0,0,1,1,0,1,1,1,1,1,1,1,2,1
589,2,2,1,4,5,,0,0,0,1,1,0,1,1,1,1,2,1,1,1,1
590,1,2,1,4,5,,0,0,0,1,1,0,1,2,2,1,2,2,1,2,1
591,2,2,1,4,5,,0,0,1,1,0,0,2,1,1,2,1,1,1,1,2
592,1,2,1,4,5,,1,0,0,1,1,0,1,1,2,1,1,2,1,1,1
593,2,1,1,4,5,,0,0,0,1,1,0,1,1,2,1,2,2,1,1,1
594,2,2,1,4,4,,0,0,1,1,0,0,1,1,1,1,1,1,2,1,1
595,2,2,1,4,2,,1,0,1,1,1,0,1,1,1,1,1,1,1,1,1
596,2,1,1,4,3,,0,0,1,1,0,0,1,1,1,2,1,1,1,1,1
597,2,1,1,4,5,,0,0,1,1,1,0,1,1,1,1,1,2,1,1,1
598,2,2,1,4,5,,0,0,0,1,0,0,1,1,2,2,2,1,1,2,2
599,1,1,1,4,5,,0,0,0,1,0,0,1,1,2,2,1,1,2,1,1
600,1,2,1,4,1,,0,0,1,1,1,1,3,3,1,1,2,2,1,1,3
601,2,1,1,4,1,,0,0,0,1,0,0,1,1,1,1,1,1,1,1,1
602,1,2,1,4,2,,1,0,0,1,1,0,2,2,2,1,2,1,2,1,1
603,2,2,7,1,2,,1,0,0,1,1,0,1,1,1,1,1,1,2,2,1
604,2,1,1,4,5,,1,0,0,1,1,1,2,2,1,1,1,1,2,1,1
605,2,2,1,4,2,,0,0,0,1,1,0,2,2,2,1,2,2,2,1,1
606,1,1,1,4,5,,0,0,0,1,0,0,2,2,2,1,2,2,1,1,1
607,1,2,1,4,5,,1,0,0,1,0,0,2,2,2,1,2,1,1,1,1
608,1,2,1,4,1,,0,0,0,1,1,0,2,2,2,1,2,1,1,1,2
609,2,2,1,4,5,,1,0,0,1,1,1,2,2,1,1,1,1,1,1,1
610,1,2,1,4,5,,1,0,0,1,1,0,2,2,1,1,1,1,2,1,1
611,1,2,1,4,5,,1,0,0,1,1,0,2,2,2,1,2,2,2,1,1
612,1,1,1,4,3,,0,0,0,1,1,0,2,2,2,1,2,1,2,1,1
613,1,2,1,4,5,,0,0,0,1,0,0,2,2,2,1,1,1,2,1,1
614,1,2,1,4,3,,0,0,0,1,0,0,2,2,2,1,2,1,1,1,1
615,1,2,1,4,5,,0,0,0,1,0,0,2,2,2,1,2,1,1,1,1
616,1,2,1,4,1,,0,0,0,1,0,0,2,2,2,1,2,1,2,1,1
617,1,2,1,4,3,,0,0,0,1,0,0,3,3,2,1,2,1,1,1,1
618,1,2,1,4,5,,0,0,0,1,0,0,2,2,2,1,2,1,1,1,1
619,1,2,1,4,5,,1,0,0,1,0,0,2,2,2,1,2,1,2,1,1
620,1,2,1,4,1,,0,0,0,1,0,0,3,3,2,1,2,1,2,1,1
621,1,1,1,4,5,,0,0,0,1,1,0,2,2,2,1,2,2,2,1,1
622,1,1,1,4,5,,0,0,0,1,1,0,2,2,2,1,2,1,1,1,2
623,1,1,1,4,5,,0,1,0,1,0,0,3,3,2,1,2,2,2,1,2
624,1,1,1,4,2,,1,0,0,1,1,0,2,2,2,1,2,2,1,1,2
625,1,2,1,4,5,,1,0,0,1,0,0,2,2,2,1,2,2,2,1,1
626,1,1,1,4,3,,0,0,1,1,1,0,2,2,2,1,2,1,1,1,2
627,1,2,1,4,5,,1,0,1,1,1,0,1,1,1,1,1,1,1,1,1
628,1,1,1,4,3,,0,0,0,1,1,0,1,1,2,1,2,1,1,1,1
629,1,1,1,4,5,,0,0,1,1,1,0,2,2,2,1,2,1,2,1,1
630,1,2,1,4,5,,0,0,0,1,0,0,2,2,2,1,2,1,1,1,1
631,1,1,1,4,5,,0,0,1,1,1,0,2,2,2,1,2,1,1,1,1
632,1,2,1,4,5,,0,0,0,1,1,0,3,3,2,1,2,1,1,1,1
633,1,1,1,4,5,,0,0,0,1,1,0,3,3,2,1,2,1,1,1,1
634,1,1,1,4,3,,0,0,1,1,1,0,2,2,2,1,2,2,1,1,2
635,1,2,1,4,5,,1,1,0,1,1,0,2,2,1,1,1,1,2,1,1
636,1,2,1,4,5,,0,0,1,1,1,0,2,2,1,1,1,1,1,1,2
637,1,1,1,4,5,,1,1,1,1,1,0,2,2,2,1,2,1,1,1,1
638,2,2,1,5,5,,1,0,1,1,1,1,2,2,1,1,1,1,1,1,2
639,1,2,1,5,5,,0,0,1,1,1,0,2,2,2,1,2,1,1,1,1
640,2,2,1,5,1,,0,0,1,1,1,0,2,2,2,1,2,1,1,1,1
641,1,1,1,5,2,,1,1,0,1,1,0,2,2,1,1,1,1,1,1,2
642,1,2,1,5,5,,0,0,0,1,1,0,2,2,2,1,2,1,1,1,1
643,2,1,1,5,5,,1,1,0,1,1,0,2,2,1,1,1,1,1,1,2
644,2,2,1,5,1,,0,1,0,1,1,1,2,2,2,1,2,1,2,1,1
645,2,2,1,5,5,,0,0,0,1,0,0,3,3,2,2,2,1,1,1,1
646,2,1,1,5,1,,0,1,0,1,1,0,2,2,1,1,1,1,1,1,1
647,2,2,1,5,5,,0,0,1,1,0,0,2,2,2,1,2,1,1,1,1
648,2,1,1,5,1,,0,1,0,1,1,0,2,2,2,1,2,1,1,1,1
649,1,2,1,5,5,,0,0,0,1,1,0,3,3,2,1,2,2,1,1,1
650,2,1,1,5,5,,1,1,0,1,1,0,2,2,1,1,1,1,1,1,1
651,1,2,1,4,1,,0,0,0,1,0,0,2,2,2,1,1,1,1,1,1
652,2,2,1,4,5,,1,1,0,1,1,1,2,2,1,1,1,1,1,1,1
653,1,1,1,4,1,,0,0,0,1,1,0,1,2,1,1,2,1,1,1,1
655,1,1,1,4,3,,0,0,0,1,1,0,3,3,2,1,2,2,1,1,1
656,2,2,1,4,2,,1,1,0,1,1,1,1,1,1,1,1,1,1,1,1
657,1,1,1,4,5,,1,0,0,1,1,1,2,2,1,1,2,1,1,1,1
658,2,2,1,4,5,,0,0,0,1,1,0,3,3,2,1,2,1,1,1,1
659,1,1,1,4,5,,0,0,1,1,0,0,3,3,2,1,2,2,1,1,1
660,1,2,1,4,5,,0,0,0,1,1,0,2,2,1,1,1,1,1,1,1
661,1,2,1,4,1,,0,0,0,1,1,0,2,2,1,1,2,1,1,1,1
662,1,2,1,4,5,,0,0,0,1,1,0,2,2,2,1,2,1,1,1,1
663,1,1,1,4,5,,0,0,0,1,1,0,2,2,2,1,2,1,1,1,1
664,1,2,1,4,5,,1,1,0,1,1,1,2,2,1,1,1,1,1,1,1
665,1,1,1,4,1,,1,1,0,1,1,0,2,2,1,1,1,1,2,1,1
666,1,2,1,4,5,,1,1,0,1,1,1,1,1,1,1,1,1,2,1,1
667,1,2,1,4,3,,0,1,0,1,1,1,1,1,1,1,1,1,1,1,2
668,1,2,1,4,1,,1,0,0,1,1,1,1,1,1,1,1,1,2,1,1
669,2,1,1,4,5,,1,1,0,1,1,1,2,2,1,1,1,1,1,1,1
670,2,2,1,4,5,,0,0,0,1,1,0,3,3,2,1,2,2,1,1,1
671,2,2,1,4,5,,0,0,0,1,0,0,3,3,2,1,2,2,1,1,1
672,2,2,1,4,2,,1,1,0,1,1,1,1,1,1,1,1,1,1,1,1
673,1,1,1,4,5,,0,0,0,1,1,0,1,2,2,1,2,1,1,1,1
674,2,2,1,4,2,,1,1,0,1,1,1,1,2,1,1,1,1,1,1,1
675,1,2,1,4,5,,0,0,0,1,1,0,3,3,2,1,2,1,1,1,2
676,1,1,1,4,3,,0,1,0,1,1,1,2,2,1,1,2,1,2,1,1
677,1,1,1,4,5,,1,0,0,1,1,0,3,3,1,1,1,1,1,1,1
678,1,1,1,4,1,,0,0,0,1,0,0,2,2,1,1,1,1,1,1,1
679,2,1,1,4,5,,1,1,0,1,1,1,1,2,1,1,1,1,1,1,1
680,1,2,1,4,1,,0,0,0,1,1,0,2,2,1,1,1,1,1,1,1
681,1,2,1,4,1,,0,0,0,1,1,0,1,2,1,1,1,1,1,1,1
682,1,2,1,4,5,,0,0,0,1,1,0,3,3,2,1,2,1,1,1,2
683,2,2,1,4,5,,1,1,0,1,1,1,1,2,1,1,1,1,1,1,1
684,2,2,1,4,5,,0,0,0,1,0,0,3,2,2,1,2,1,1,1,1
685,2,2,1,4,5,,0,1,0,1,1,0,1,2,1,1,1,1,1,1,1
686,2,2,1,5,5,,1,0,0,1,1,0,3,3,2,1,2,1,2,1,1
687,1,2,1,4,3,,0,1,0,1,1,0,3,3,2,1,1,1,2,1,1
688,2,1,1,4,3,,1,0,0,1,1,0,2,2,1,1,1,1,2,1,1
689,1,2,1,4,5,,0,0,0,1,1,0,2,2,1,1,2,1,2,1,1
690,1,1,1,4,1,,0,0,0,1,1,0,2,2,1,1,2,1,2,1,1
691,1,1,1,4,5,,1,0,0,1,0,0,2,2,1,1,2,1,2,1,1
692,1,1,1,4,5,,0,0,0,1,1,0,2,2,1,1,2,2,2,1,1
693,2,2,1,4,5,,0,0,0,1,1,0,2,2,2,1,2,1,2,1,1
695,1,1,1,4,5,,1,0,0,1,1,0,2,2,1,1,2,1,1,1,1
696,1,1,1,4,5,,0,0,0,1,1,0,2,2,2,1,2,1,1,1,2
697,1,1,1,4,3,,0,0,0,1,1,0,2,2,1,1,2,1,1,1,1
698,1,2,1,4,2,,1,0,0,1,1,0,2,2,1,1,2,2,2,1,1
699,2,2,1,4,5,,1,0,0,1,1,0,2,2,1,1,1,1,2,1,1
700,1,1,1,4,1,,0,0,0,1,0,0,2,2,2,1,2,1,2,1,2
701,2,2,1,4,5,,1,1,0,1,1,1,2,2,1,1,1,1,1,1,1
702,1,2,1,4,1,,0,0,0,1,1,0,2,2,2,1,2,1,1,1,2
703,2,2,1,4,5,,1,0,0,1,1,0,2,2,1,1,1,1,2,1,1
704,1,1,1,4,2,,0,0,0,1,0,0,2,2,1,1,2,1,2,1,1
705,1,1,1,4,3,,0,0,0,1,1,0,2,2,2,1,2,1,2,1,1
706,1,1,1,4,1,,0,0,0,1,1,0,2,2,1,1,2,1,2,1,1
707,1,1,1,4,3,,0,0,0,1,1,0,2,2,1,1,2,1,2,1,1
708,1,2,1,4,1,,0,0,0,1,0,0,3,3,2,1,2,1,2,1,1
709,2,2,1,4,5,,0,0,0,1,1,0,2,2,1,1,2,1,1,1,1
710,1,1,1,4,1,,0,0,0,1,1,0,2,2,1,1,2,2,2,1,1
711,1,2,1,4,4,,0,0,0,1,1,0,2,2,1,1,2,1,1,1,2
712,1,2,1,4,1,,0,1,0,1,1,0,2,2,1,1,2,1,1,1,2
713,1,2,1,4,5,,1,0,0,1,1,0,2,2,1,1,2,1,1,1,1
714,1,1,1,4,1,,1,0,0,1,1,0,2,2,1,1,2,1,1,1,2
715,2,1,1,4,4,,0,0,0,1,1,0,2,2,2,1,2,1,1,1,1
716,1,1,1,5,5,,0,0,0,1,0,0,2,2,2,1,2,1,2,1,1
717,2,1,1,5,1,,0,0,0,1,1,0,2,2,1,1,2,1,1,1,1
718,2,1,1,5,3,,1,0,0,1,1,0,2,2,1,1,2,1,1,1,1
720,1,2,1,4,5,,0,0,0,1,1,0,2,2,2,1,2,1,1,1,1
721,2,2,1,4,5,,0,0,0,1,0,0,2,2,2,1,2,1,2,1,1
722,2,2,1,4,1,,0,1,0,1,1,0,2,2,1,1,1,1,2,1,2
723,2,2,1,4,1,,0,1,0,1,1,0,2,2,1,1,1,1,1,1,2
724,1,1,1,4,3,,0,1,0,1,1,0,3,3,1,1,2,1,2,1,1
725,2,2,1,4,2,,1,1,0,1,1,1,2,2,1,1,1,1,1,1,1
726,1,2,1,4,5,,0,1,0,1,1,0,2,2,1,1,1,1,2,1,1
727,1,1,1,4,5,,1,0,0,1,1,0,1,2,1,1,1,1,1,1,1
728,1,1,1,4,1,,0,0,0,1,1,0,2,2,2,1,2,1,2,1,1
729,1,1,1,4,3,,0,0,0,1,1,0,3,3,1,1,2,1,2,1,1
730,1,1,1,4,1,,0,0,0,1,1,0,2,2,1,1,2,1,2,1,1
731,2,1,1,4,5,,0,0,0,1,0,0,2,2,2,1,2,1,2,1,1
732,2,2,1,4,5,,1,1,0,1,1,1,2,2,1,1,1,1,1,1,2
733,1,2,1,4,5,,1,1,0,1,1,0,1,2,1,1,1,1,2,1,1
734,1,1,1,4,1,,1,0,0,1,1,0,2,2,1,1,1,1,1,1,1
735,1,2,1,4,5,,0,0,0,1,0,0,2,2,2,1,2,1,2,1,1
736,1,2,1,4,5,,0,0,0,1,0,0,2,2,2,1,2,1,2,1,2
737,1,1,1,4,5,,0,0,0,1,0,0,2,2,2,2,1,1,2,1,1
739,1,2,1,4,5,,1,1,0,1,0,0,2,2,1,2,1,1,2,1,1
740,1,2,1,4,2,,0,0,0,1,1,0,2,2,1,1,1,1,2,1,2
741,1,2,1,4,1,,0,0,0,1,0,0,2,2,1,1,2,1,2,1,1
742,1,2,1,4,1,,0,0,0,1,1,0,2,2,1,1,1,1,2,1,1
743,2,2,1,4,5,,0,0,0,1,1,0,2,2,1,1,1,1,2,1,1
744,1,1,1,4,3,,0,0,0,1,1,0,1,2,1,1,2,1,2,1,1
745,1,2,1,4,5,,1,1,0,1,1,0,2,2,1,1,1,1,2,1,1
746,1,1,1,4,5,,1,1,0,1,1,0,2,2,1,1,1,1,2,1,1
748,1,1,1,4,1,,1,0,0,1,0,1,2,2,1,1,2,1,1,1,1
749,1,1,1,4,5,,0,0,0,1,1,0,2,2,1,1,1,1,2,1,1
751,1,1,1,4,5,,0,0,0,1,0,0,2,2,1,1,1,1,2,1,1
753,1,2,1,4,5,,0,0,0,1,0,0,2,2,2,1,2,1,2,1,1
754,1,2,1,4,2,,1,0,0,1,1,0,2,2,1,1,1,1,2,1,1
755,1,2,1,4,5,,0,0,0,1,1,0,2,2,1,1,2,1,1,1,1
756,1,2,1,4,1,,0,0,0,1,1,0,2,2,1,1,1,1,2,1,1
757,2,2,1,4,5,,0,0,0,1,0,0,2,2,1,1,2,1,2,1,1
758,1,2,1,4,5,,0,0,0,1,1,0,2,2,2,1,2,1,2,1,2
759,2,2,1,4,2,,1,1,0,1,1,1,2,2,1,1,1,1,2,1,2
760,2,2,1,4,5,,0,0,0,1,1,0,2,2,2,1,2,1,2,1,1
761,2,1,1,4,1,,1,0,0,1,1,0,2,2,1,2,1,1,2,1,1
762,1,2,1,4,5,,1,1,0,1,1,1,2,2,1,1,1,1,2,1,1
763,1,1,1,4,5,,1,1,0,1,1,1,2,2,1,1,1,1,2,1,2
764,1,2,1,4,1,,0,1,0,1,1,0,2,2,1,1,1,1,2,1,1
765,1,2,1,4,1,,0,0,0,1,1,0,2,2,1,1,1,1,2,1,1
766,2,1,1,4,5,,1,1,0,1,1,0,2,2,1,1,1,1,2,1,1
767,2,1,1,4,5,,0,0,0,1,1,0,2,2,2,1,2,1,2,1,1
768,2,1,1,4,3,,0,0,0,1,0,0,2,2,1,1,1,1,2,1,1
769,1,2,1,4,5,,0,0,0,1,1,0,2,3,2,1,2,1,2,1,1
770,1,1,1,4,5,,0,0,0,1,1,0,2,2,2,1,2,1,2,1,1
771,2,2,1,4,5,,0,0,0,1,0,0,2,2,2,1,2,1,2,1,1
772,1,2,1,4,2,,0,1,0,1,1,0,2,2,1,1,1,1,2,1,1
774,1,2,1,4,5,,0,0,0,1,1,0,2,2,1,2,1,1,2,1,1
775,1,1,1,4,1,,0,0,0,1,1,0,2,2,1,2,1,1,2,1,1
776,2,2,1,4,5,,1,1,0,1,1,1,2,2,1,1,1,1,1,1,2
777,1,2,1,4,5,,1,1,0,1,1,0,2,2,1,1,1,1,2,1,1
778,1,2,1,4,5,,1,1,0,1,0,0,2,2,1,2,1,1,2,1,1
779,1,2,1,4,5,,1,0,0,1,1,0,2,2,1,1,1,1,2,1,1
780,1,2,1,4,5,,0,0,0,1,1,0,2,2,1,1,2,1,1,1,1
781,2,1,1,4,3,,0,0,0,1,1,0,3,3,1,1,3,1,2,1,1
783,2,2,1,4,5,,0,0,0,1,1,0,2,2,2,1,2,1,2,1,1
784,1,1,1,4,5,,0,0,0,1,0,0,2,2,2,1,2,1,2,1,1
785,1,2,1,4,1,,0,0,0,1,1,0,2,2,2,1,1,1,2,1,1
786,1,2,1,4,5,,0,0,0,1,0,0,2,2,2,1,2,1,2,1,2
787,2,2,1,4,5,,0,0,0,1,0,0,2,2,2,1,2,1,2,1,1
788,2,2,1,4,5,,0,0,0,1,0,0,2,2,2,1,2,2,2,1,1
789,1,1,1,4,2,,0,1,0,1,1,0,2,2,1,1,1,1,2,1,1
790,1,1,1,4,2,,0,0,0,1,0,0,2,2,1,1,1,1,2,1,1
791,1,1,1,4,5,,0,0,0,1,1,0,2,2,1,1,1,1,2,1,1
792,1,1,1,4,3,,0,0,0,1,1,0,2,2,1,1,3,1,2,1,1
793,1,1,1,4,5,,0,0,0,1,1,0,2,2,2,1,2,1,2,1,1
794,1,2,1,4,5,,0,0,0,1,1,0,2,2,2,1,2,1,2,1,1
795,2,2,1,4,5,,1,0,0,1,1,0,2,2,1,1,1,1,2,1,1
796,1,2,1,4,5,,0,0,0,1,1,0,2,2,1,1,1,1,2,1,1
797,1,2,1,4,2,,0,0,0,1,1,0,2,2,1,1,3,1,2,1,1
799,1,1,1,4,1,,0,0,0,1,1,0,2,2,1,1,3,1,2,1,1
800,1,1,1,4,3,,0,0,0,1,0,0,3,2,1,1,2,1,2,1,1
801,1,2,1,1,5,,0,0,1,1,1,0,1,1,1,1,1,1,1,1,1
802,2,1,1,1,5,,1,0,0,1,1,0,2,2,2,1,1,1,2,1,1
803,1,2,1,1,5,,0,0,0,1,1,0,1,1,1,2,1,1,2,2,1
804,1,2,1,4,5,,0,0,0,1,1,1,1,1,1,1,1,1,3,1,2
805,2,2,1,1,2,,1,0,0,1,1,1,2,2,1,1,1,1,1,1,1
806,2,2,1,1,5,,1,0,0,1,1,1,1,1,1,1,1,1,1,1,2
807,1,2,1,1,4,,0,0,1,1,1,1,1,3,1,1,2,2,1,1,2
808,1,2,1,4,5,,0,0,0,1,1,1,1,2,1,1,2,2,1,1,1
809,1,2,1,1,1,,0,0,0,1,1,1,1,2,1,2,2,1,2,1,1
810,1,1,1,1,1,,0,0,0,1,1,1,2,1,2,1,2,2,1,1,1
811,1,2,1,1,5,,0,0,0,1,0,0,2,2,2,1,1,1,2,1,1
812,1,2,1,1,1,,0,0,0,1,1,0,3,3,2,2,1,1,1,1,1
813,2,1,1,4,1,,0,0,0,1,1,1,1,1,1,1,1,1,1,1,2
814,2,1,1,4,5,,0,0,0,1,1,0,1,1,2,1,1,2,1,1,1
815,1,1,1,1,1,,0,0,0,1,1,0,1,1,2,1,1,1,1,1,2
816,1,2,1,4,1,,0,0,0,1,1,0,1,1,2,1,1,1,2,1,2
817,2,2,1,4,5,,0,0,1,1,1,0,1,2,2,1,1,1,1,1,1
818,1,2,1,4,1,,0,0,1,1,1,0,1,3,2,3,1,1,1,2,1
819,1,2,1,5,2,,0,0,0,1,1,0,2,2,2,2,1,1,1,1,1
820,1,2,1,4,1,,0,0,0,1,0,0,2,2,2,3,1,1,1,1,2
821,2,1,1,4,1,,0,0,0,1,1,0,2,2,2,1,1,1,1,1,1
822,2,2,1,4,1,,0,0,0,1,1,0,2,2,3,3,3,2,1,1,1
823,1,0,1,4,1,,0,0,0,1,1,0,2,2,2,2,3,1,1,1,1
824,2,2,1,4,1,,0,1,0,1,1,1,3,3,2,1,1,1,1,1,1
825,2,1,1,4,1,,0,0,0,1,1,0,2,2,2,1,1,3,1,1,3
826,2,1,1,4,3,,0,0,0,1,1,1,2,2,2,1,3,3,1,1,3
827,1,2,1,4,2,,0,0,0,1,0,0,1,3,2,2,1,1,1,1,1
828,1,2,1,4,4,,0,0,1,1,1,0,1,1,1,1,1,1,1,1,1
829,1,2,1,4,1,,0,0,0,1,1,0,3,3,3,3,3,1,1,1,1
830,2,2,1,4,5,,0,0,0,1,1,1,2,2,3,3,1,1,1,1,1
831,2,1,1,4,1,,0,0,1,1,1,0,3,3,2,1,1,1,1,1,2
832,1,1,1,4,3,,0,0,0,1,1,0,2,2,1,3,1,1,1,3,2
833,1,1,1,4,1,,0,1,0,1,1,0,2,2,2,2,1,1,1,1,2
834,1,2,1,5,2,,0,0,0,1,1,0,2,3,2,1,1,2,1,1,2
835,2,2,1,4,1,,0,1,0,1,1,0,1,1,1,1,1,1,1,1,1
836,2,1,1,5,3,,0,0,0,1,1,0,3,3,2,1,1,1,1,1,3
837,1,1,1,5,1,,0,0,1,1,1,0,2,2,3,3,3,1,1,1,1
838,2,1,1,4,1,,0,0,0,1,1,0,3,3,2,1,1,1,1,1,2
839,2,2,1,1,1,,0,0,1,1,1,0,3,2,3,3,1,1,1,1,1
840,2,2,1,1,5,,0,0,0,1,1,0,2,2,1,1,2,1,1,1,2
841,1,1,1,1,2,,0,0,1,1,1,0,3,3,2,1,1,1,1,2,1
842,2,1,1,4,1,,0,0,1,1,1,0,3,2,1,1,1,1,1,1,1
843,1,1,1,4,2,,0,0,0,1,1,0,2,2,3,3,1,1,1,1,2
844,1,0,1,4,4,,0,0,0,1,1,1,2,2,1,1,3,1,1,1,1
845,1,2,1,4,1,,0,0,0,1,1,1,3,3,1,1,1,1,1,1,1
846,2,2,1,4,5,,1,0,0,1,1,0,3,3,3,3,1,1,1,1,1
847,1,2,1,4,2,,0,0,1,1,0,0,2,2,3,3,1,1,1,1,1
848,1,0,1,1,5,,0,0,0,1,1,0,3,3,2,1,3,1,1,1,1
1000,1,2,1,4,2,,1,0,1,1,1,1,1,2,2,1,2,2,1,2,1
1001,1,2,1,4,1,,0,0,1,1,0,0,2,2,2,2,2,2,2,2,1
1002,1,2,1,4,1,,0,0,0,1,0,0,1,1,2,1,2,2,2,1,1
1003,1,2,1,4,1,,1,0,1,1,0,0,1,1,2,1,2,2,2,2,2
1004,1,2,1,4,2,,1,0,0,1,1,1,2,2,1,1,1,1,1,1,1
1005,1,2,1,4,1,,1,0,0,1,1,0,1,1,1,1,2,2,2,2,2
1006,1,2,1,4,5,,1,0,0,1,1,1,3,1,1,1,1,1,1,1,1
1007,1,2,1,4,1,,0,0,0,1,1,1,2,2,1,1,1,1,2,2,1
1008,1,2,1,4,5,,0,0,0,1,0,0,2,2,1,1,2,2,2,1,2
1009,1,2,1,4,1,,1,0,0,1,1,1,2,2,1,1,1,1,2,2,1
1010,1,2,1,4,5,,1,0,0,1,1,1,2,2,1,1,2,2,2,2,2
1011,2,1,1,4,5,,0,0,0,1,0,0,2,2,2,1,2,2,1,1,1
1012,1,2,1,4,1,,1,0,0,1,1,0,1,1,1,1,1,1,2,2,1
1013,2,2,1,4,2,,1,0,0,1,1,1,1,1,1,1,1,1,1,1,1
1014,2,1,1,4,5,,0,0,0,1,0,0,1,1,2,2,2,2,2,1,1
1015,1,2,1,4,5,,1,0,0,1,1,1,1,1,1,1,1,1,1,1,1
1016,2,2,1,4,2,,1,0,0,1,1,1,1,1,1,1,1,1,1,1,1
1017,1,2,1,4,5,,1,0,0,1,1,1,2,2,1,2,2,2,2,2,1
1019,2,2,1,4,5,,0,0,0,1,1,0,2,2,2,1,2,1,1,1,1
1023,2,2,1,4,2,,1,0,0,1,1,1,2,1,1,2,1,1,2,1,1
1030,1,1,1,5,1,,0,0,0,1,0,0,2,2,1,2,2,2,2,2,1
2018,2,1,1,4,2,,1,1,0,1,1,1,2,2,2,1,1,1,1,1,1
2020,1,2,1,4,5,,1,0,1,1,0,0,2,2,1,1,2,2,2,1,2
2021,1,2,1,4,1,,0,0,0,1,1,0,2,2,1,1,1,1,2,2,2
2022,1,2,1,4,5,,1,0,0,1,1,0,1,1,2,2,2,2,1,2,1
2023,1,2,1,4,2,,1,0,1,1,1,0,2,2,1,1,2,2,2,2,1
2024,1,2,1,4,2,,1,0,1,1,0,0,2,2,1,1,2,2,2,2,1
5452,1,2,1,4,5,,0,0,1,1,1,0,2,2,2,1,2,2,2,2,1
